Titre,Lien,Note,Nombre d'avis
Blanquette de veau facile au Cookeo,/recettes/recette_blanquette-de-veau-facile-au-cookeo_383136.aspx,5/5,33 avis
Cuisse de dinde façon couscous de chez Karpeth,/recettes/recette_cuisse-de-dinde-facon-couscous-de-chez-karpeth_41363.aspx,5/5,31 avis
Chili con carne Vénézuelien,/recettes/recette_chili-con-carne-venezuelien_53786.aspx,5/5,28 avis
Terrine de foie gras au Sauternes,/recettes/recette_terrine-de-foie-gras-au-sauternes_33977.aspx,5/5,28 avis
Civet de Sanglier à la bourguignonne,/recettes/recette_civet-de-sanglier-a-la-bourguignonne_34042.aspx,5/5,25 avis
Burger végétarien aux lentilles,/recettes/recette_burger-vegetarien-aux-lentilles_345408.aspx,5/5,23 avis
Couscous Royal,/recettes/recette_couscous-royal_535913.aspx,5/5,1 avis
"Quiche jambon, fromage, tomate, olives",/recettes/recette_quiche-jambon-fromage-tomate-olives_535806.aspx,N/A,N/A
Roulés de jambon blanc au Reblochon AOP panure pistaches,/recettes/recette_roules-de-jambon-blanc-au-reblochon-panure-pistache_535554.aspx,N/A,N/A
"Conchiglioni farcis à la ricotta, jambon et tomates séchées",/recettes/recette_conchiglioni-farcis-a-la-ricotta-jambon-et-tomates_535236.aspx,N/A,N/A
Brioche perdue salée et roulée au jambon,/recettes/recette_brioche-perdue-salee-et-roulee-au-jambon_535237.aspx,N/A,N/A
Croque croissant au jambon et au comté,/recettes/recette_croissant-fourre-au-jambon-et-au-comte_535238.aspx,N/A,N/A
Tartiflette : la vraie recette,/recettes/recette_la-vraie-tartiflette_17634.aspx,4.7/5,721 avis
Lasagnes à la bolognaise,/recettes/recette_lasagnes-a-la-bolognaise_18215.aspx,4.8/5,1402 avis
Blanquette de veau : recette traditionnelle,/recettes/recette_blanquette-de-veau-facile_19219.aspx,4.9/5,2776 avis
Fondue aux poireaux,/recettes/recette_fondue-de-poireaux_20348.aspx,4.7/5,609 avis
Poulet au four simple et savoureux,/recettes/recette_poulet-au-four-version-light_218020.aspx,4.8/5,204 avis
Couscous poulet et merguez facile,/recettes/recette_couscous-poulet-et-merguez-facile_17751.aspx,4.8/5,618 avis
Rôti de boeuf au four tout simple,/recettes/recette_roti-de-boeuf-au-four-tout-simple_342546.aspx,4.3/5,54 avis
Fondue Savoyarde,/recettes/recette_fondue-savoyarde_21964.aspx,4.5/5,113 avis
Filet mignon de porc à la moutarde,/recettes/recette_filet-mignon-de-porc-a-la-moutarde_36310.aspx,4.9/5,353 avis
Carbonara traditionnelle,/recettes/recette_carbonara-traditionnelle_340808.aspx,4.6/5,28 avis
Rougail saucisse,/recettes/recette_rougail-saucisse_22851.aspx,4.7/5,406 avis
Rôti de porc tout simple,/recettes/recette_roti-de-porc-tout-simple_170153.aspx,4.5/5,40 avis
Boeuf Bourguignon rapide,/recettes/recette_boeuf-bourguignon-rapide_19218.aspx,4.8/5,917 avis
Cuisses de poulet au four,/recettes/recette_cuisses-de-poulet-au-four_67408.aspx,4.6/5,141 avis
Chili con carne facile,/recettes/recette_chili-con-carne-facile_15415.aspx,4.8/5,650 avis
Pavés de saumon au four facile,/recettes/recette_paves-de-saumon-au-four-facile_80135.aspx,4.7/5,39 avis
Hachis Parmentier,/recettes/recette_hachis-parmentier_17639.aspx,4.7/5,977 avis
Croziflette,/recettes/recette_croziflette_165464.aspx,4.7/5,105 avis
Endives au jambon,/recettes/recette_endives-au-jambon_25868.aspx,4.5/5,109 avis
Risotto aux champignons : la vraie recette,/recettes/recette_risotto-aux-champignons_312215.aspx,4.9/5,120 avis
Pot-au-feu facile,/recettes/recette_pot-au-feu-facile_44578.aspx,4.6/5,118 avis
Rôti de veau au four,/recettes/recette_roti-de-veau-au-four_61313.aspx,4.7/5,75 avis
Riz cantonais facile,/recettes/recette_riz-cantonais-facile_27686.aspx,4.6/5,145 avis
Paupiettes de veau,/recettes/recette_paupiettes-de-veau_82641.aspx,4.9/5,306 avis
Sauté de porc à la crème de moutarde,/recettes/recette_saute-de-porc-a-la-creme-de-moutarde_173829.aspx,4.7/5,322 avis
Croque-monsieur,/recettes/recette_croque-monsieur_19208.aspx,4.6/5,107 avis
Carbonades flamandes traditionnelles,/recettes/recette_carbonades-flamandes-traditionnelles_29711.aspx,4.8/5,490 avis
Gigot d'agneau : la recette traditionnelle,/recettes/recette_gigot-d-agneau-a-l-ail-et-au-romarin_18696.aspx,4.8/5,173 avis
Moules marinières,/recettes/recette_moules-marinieres_13214.aspx,4.4/5,82 avis
Aubergines au four,/recettes/recette_aubergines-au-four_13572.aspx,4.3/5,176 avis
